"Bloque","Fecha","Hora","Título","Emoji","Bajada","Objetivo","Facilitador"
"Bloque 1: Los datos pueden transformar HR","2026-08-05","19:00","Los datos pueden transformar HR con People Analytics & Power BI","🎯","Qué es People Analytics, las 4 vistas de Power BI y cómo obtener y transformar tus datos.","Al finalizar este bloque vas a tener mayor claridad sobre **qué es People Analytics** y cuáles son los beneficios de comenzar a tomar decisiones basadas en datos.

También presentaremos **Power BI** y el caso de análisis que trabajaremos, y nos adentraremos en el mundo de **ETL** (Extracción, Transformación y Carga). Vamos a aprender a manipular nuestros datos para que sean más útiles y fáciles de analizar.","Pablo Senra"
"Bloque 2: De la transformación de datos a la visualización","2026-08-19","19:00","De la transformación de datos a la visualización de información","📊","Cinco pasos para construir buenas visualizaciones y los poderes ocultos de los gráficos.","Viajaremos desde la transformación de datos hasta la **visualización de información significativa**, con herramientas y técnicas para comprender mejor nuestra fuerza laboral y tomar decisiones informadas en Recursos Humanos.

Dicen que una imagen vale más que mil palabras: en este bloque empezamos a construir nuestra primera página de informe.","Pablo Senra"
"Bloque 3: Desbloquear el potencial de los datos con DAX","2026-09-02","19:00","De la foto a la evolución temporal: desbloqueamos el poder de los datos con DAX","🚀","Dejamos la foto de un momento para entender tendencias en el tiempo, con columnas y medidas.","Vamos a dejar de examinar la foto de un momento específico para **visualizar y entender tendencias a lo largo del tiempo**. Aprenderemos a transformar datos estáticos en información dinámica y significativa.

También vamos a sumergirnos en **DAX** (Data Analysis Expressions), el lenguaje que permite crear fórmulas y expresiones para cálculos complejos, resúmenes y filtrados.","Pablo Senra"
"Bloque 4: De tu análisis a las decisiones","2026-09-16","19:00","Es momento de transformar tu análisis en decisiones","🧩","Modelado en estrella, relaciones entre tablas y todas las formas de compartir tu informe.","En este bloque conectamos todo lo que estuvimos viendo para **finalizar nuestro informe** y que funcione de manera 100% dinámica.

Hablaremos de **modelado dimensional** y de cómo compartir el informe con el resto de la organización.","Pablo Senra"
