"Bloque","Orden","Tipo","Título","Texto","Archivo 1","Archivo 2","Archivo 3","Imagen","Link","Fecha","Hora"
"Bloque 1: Los datos pueden transformar HR","1","material","Base para el ejercicio","Acá está **la base que vamos a utilizar** durante todo el workshop. Descargala antes de la primera sesión así arrancamos todos desde el mismo lugar.","Nómina Panda | https://drive.google.com/file/d/1Y3zWC6LgODmkbRq0KFg2Rx4wwZ4GO-wd/view","","","","","",""
"Bloque 1: Los datos pueden transformar HR","2","contenido","Las 4 vistas de Power BI","Power BI tiene **4 vistas** 😎, y según en cuál estés vas a poder hacer cosas distintas.

- 🛠 **Transformar datos:** el editor donde preparás los datos para el posterior análisis.
- 🎨 **Vista Informe:** el lugar donde vamos a graficar nuestro informe.
- 🗃 **Vista de Datos:** nos permite ver la tabla, revisar formatos y crear columnas calculadas.
- 🧩 **Vista de Modelo:** acá relacionamos nuestras diferentes tablas.","","","","","","",""
"Bloque 1: Los datos pueden transformar HR","3","contenido","Obtener datos","Power BI trabaja con datos que están en **orígenes externos**. Recordá que *lo primero que tenés que hacer* es conectar tus datos.

Podés hacerlo desde el menú de Inicio con el botón de **Obtener datos**, o directamente desde Excel si vas a trabajar con ese origen.

Cuando conectes datos cargados manualmente en Excel, te recomendamos darles **formato de tabla** antes de importarlos.","","","","","","",""
"Bloque 1: Los datos pueden transformar HR","4","contenido","Transformar datos","Al importar una base de datos es importante pasar por **Transformar datos** y prepararlos antes de comenzar el análisis. Algunas transformaciones que hicimos:

- Chequear el tipo de datos (mucho muy importante 😂)
- Filtrar filas en blanco y elegir columnas
- Modificar formatos (mayúsculas, minúsculas, etc.)
- Combinar columnas
- Reemplazar y extraer valores
- Operaciones de fecha
- Operaciones matemáticas y de redondeo
- Crear columnas condicionales (generaciones, rangos de edad, etc.)

## Tres cosas para no marearte

- Si te aparece un paso llamado **""Filas Filtradas""** y no lo aplicaste intencionalmente, la recomendación es eliminarlo con la ""x"".
- Si te aparece el cartel de **""Insertar un paso""**, salvo que lo estés haciendo a propósito, cancelá y posicionate en el último paso del menú de pasos aplicados antes de volver a crearlo.
- Cuando termines de trabajar en esta vista, aplicá los cambios desde el menú de inicio clickeando en **Cerrar y aplicar**.","","","","","","",""
"Bloque 1: Los datos pueden transformar HR","5","material","Presentación","Te dejamos la presentación que compartimos en este bloque.","PoweRH · Bloque 1 (PDF) | https://drive.google.com/file/d/10PKtrIWRXgkc-MHKji9etu4gYKWEjB-g/view","","","","","",""
"Bloque 1: Los datos pueden transformar HR","6","tarea","Tarea","Termina la primera semana y es un excelente momento para practicar.

1. Creá un nuevo archivo de Power BI e **importá** una base (puede ser la del curso u otra que tengas).
2. Entrá a **Transformar datos** y creá al menos **5 pasos** de transformación. Acordate de chequear el tipo de datos de cada columna.
3. **Documentá** alguno de esos pasos haciendo click derecho sobre el nombre del paso y entrando a Propiedades, para cambiarle el nombre y explicar qué hace. Es una excelente forma de recordar después el proceso.","","","","","","",""
"Bloque 2: De la transformación de datos a la visualización","1","contenido","5 pasos para crear buenas visualizaciones","## 1️⃣ Elegir la visualización

- 🔲 Si sólo vas a mostrar un dato, la **tarjeta** es una excelente opción.
- 📊 Si necesitás comparar valores o establecer un ranking, usá gráficos de **barras o columnas**. Un consejo para elegir: barras para variables categóricas (texto), columnas para variables numéricas o de tiempo.
- 📈 Los **gráficos de líneas** suelen usarse para mostrar tendencia en el tiempo.
- 🎂 Los **gráficos de torta o anillos** usalos con cuidado y para 2 o 3 segmentos máximo.
- 🎛 Los **segmentadores** te permiten filtrar a los demás gráficos.
- 📄 Las **tablas y matrices** son buenas para datos que se necesiten recorrer uno a uno; lo ideal es usarlas con conjuntos de hasta 20 datos.

## 2️⃣ Seleccionar los campos

Este paso es muy simple, Power BI permite arrastrar y tirar. En general los gráficos muestran un valor (la columna que llevás a *valores*) y lo segmentan de alguna forma (la columna que va al eje, a detalles o a leyenda).

## 3️⃣ Elegir la operación

Acá definís la operación a realizar (suma, promedio, mediana…) desde el menú ▼. En ese mismo menú encontrás cómo mostrar el valor **como porcentaje del total**, y si estás en una variable de segmentación podés agruparla con la función **Nuevo grupo**.

## 4️⃣ Aplicar filtros

Los filtros son muy parecidos a los de Excel, pero acá los aplicás en tres niveles:

- 📊 A un único gráfico (*en este gráfico hablo de los líderes solamente*).
- 📄 A todos los gráficos de una página (*en esta página hablo de activos*).
- 📕 A todo el informe (*quiero que todo el informe sea de un área*).

## 5️⃣ Trabajar sobre el formato

👩‍🎨 El rodillo te permite cambiar casi todo lo que tiene que ver con el formato.

Si querés trabajar con plantillas como hicimos en el workshop, tené en cuenta que se agregan desde **fondo de página** en el rodillo (no tenés que tener ningún gráfico seleccionado al entrar) y acordate de poner la **transparencia en 0%**.","","","","","","",""
"Bloque 2: De la transformación de datos a la visualización","2","contenido","Poderes ocultos de las visualizaciones","🤿 Si tenés más de un campo en el eje del objeto visual van a aparecer las opciones de **Explorar en profundidad** o *drill down*. Te permiten cambiar el nivel de detalle (granularidad) con que segmentás esos valores. Podés recorrer los diferentes niveles con las flechas ↑ ↓ ⇊ que aparecen sobre el gráfico.

🐱‍💻 Por otro lado, recordá que los gráficos **se pueden filtrar entre sí**. Si querés modificar ese funcionamiento, entrá a Formato → **Editar interacciones**.","","","","","","",""
"Bloque 2: De la transformación de datos a la visualización","3","material","Plantilla para el desafío","Vamos a usar esta imagen para acompañar los ejercicios del primer desafío.

Las plantillas se agregan desde **fondo de página** en el rodillo. Acordate siempre de **ajustar** la imagen y poner la **transparencia en 0%**.","Plantilla del desafío | https://drive.google.com/file/d/10j0GH2so4pVNXhv3dP7kChOqYOwAJyw0/view","","","","","",""
"Bloque 2: De la transformación de datos a la visualización","4","material","Presentación","Te compartimos la presentación del segundo bloque.","PoweRH · Bloque 2 (PDF) | https://drive.google.com/file/d/1upsLaZ2aMpaH1z6Sq0Q8CqhXYolow67n/view","","","","","",""
"Bloque 2: De la transformación de datos a la visualización","5","tarea","Tarea","Vamos a practicar un poco con lo que fuimos viendo.

## Diversidad de género

Creá un gráfico que muestre la distribución del headcount por género.

## Diversidad de género por nivel

Para analizar más en profundidad qué tan diversos somos, abrí esta información por los niveles que creamos en la primera página.

## Distribución de la nómina por generación

Es importante que la visualización respete el orden jerárquico de las generaciones para que el impacto visual sea más claro. Puede que encuentres un desafío especial en estos dos últimos gráficos para ordenar las variables del Eje Y, ya que son categóricas (de texto).

Podés [ayudarte con este tutorial](https://www.youtube.com/watch?v=vUB88vjypGk) de nuestro canal. Suscribite para recibir info de los videos nuevos que vayamos subiendo.

Por otro lado, vas a ver que las etiquetas muestran una frecuencia relativa (% del total). La pista para que encuentres cómo hacerlo es que busques en el menú de opciones del Eje X, donde llevaste la cantidad de personas.

## Mediana de compensación por género

Para terminar, calculá la mediana de compensación y abrila por dos variables: nivel y género. Es muy parecido a lo que hicimos en la primera página; si no sabés cómo llegar, podés empezar desde ahí.

Tratá de generarlo lo más parecido posible a la imagen y en el check in de la próxima sesión lo vemos.","Plantilla de la tarea | https://drive.google.com/file/d/1mneUWdH3st95BS2zihqNf-aFWwCAL96L/view","","","","","",""
"Bloque 3: Desbloquear el potencial de los datos con DAX","1","material","Base para el ejercicio","Para poder mirar la evolución en el tiempo necesitamos más de una foto. Acá está la base con los meses siguientes.","Panda · otros meses | https://drive.google.com/file/d/1TFpU-mDu002bTAgGKeXBfIUIp7wH58Zm/view","","","","","",""
"Bloque 3: Desbloquear el potencial de los datos con DAX","2","material","Plantilla Evolución HC","La plantilla de la página de evolución de headcount, para que tu informe quede como el que vamos armando en vivo.","Plantilla Evolución HC | https://drive.google.com/file/d/1bdgQ0QliPF-2FLmhYd7ePSjwrnSudKh_/view","","","","","",""
"Bloque 3: Desbloquear el potencial de los datos con DAX","3","contenido","Columnas DAX","- Una columna en DAX es similar a una columna en Excel: contiene valores calculados a partir de una fórmula.
- Las columnas **se agregan a las tablas** y se calculan **fila por fila**.
- Un ejemplo sería una columna que calcule la compensación neta de cada persona multiplicando el sueldo bruto por 83%. Devuelve un valor fila a fila.

Se escribiría así:

`Comp. Neta = Tabla[Compensación Bruta] * 0.83`

También podemos usar funciones. Por ejemplo, para calcular la edad:

`Edad al día de hoy = ROUNDDOWN ( YEARFRAC ( Tabla[Fecha Nacimiento], TODAY (), 3 ), 0 )`","","","","","","",""
"Bloque 3: Desbloquear el potencial de los datos con DAX","4","contenido","Medidas DAX","- Las medidas son cálculos hechos **en tiempo real** sobre los datos, en lugar de ser precalculadas y almacenadas en la tabla como las columnas.
- **No se visualizan en la tabla**, pero podés usarlas en los objetos visuales.
- Se crean con funciones DAX que operan sobre columnas o tablas completas. Son útiles para totales, promedios, contar elementos, etc., sobre los datos agregados.
- Por ejemplo, una medida podría ser el headcount:

`Headcount = CALCULATE ( DISTINCTCOUNT ( Tabla[Legajo] ), ISBLANK ( Tabla[Fecha de egreso] ) )`

## Analogía con Excel

Pensá en una fórmula de Excel en la que no necesitás calcular un valor para cada fila, sino un resultado general basado en un conjunto de datos. Por ejemplo, el promedio de una columna con `=PROMEDIO(A:A)`.

Las medidas **no consumen memoria RAM**, así que siempre que puedas es mejor hacer medidas que columnas: no van a hacer lento tu informe, cosa que sí pasa cuando agregás muchas columnas calculadas.","","","","","","",""
"Bloque 3: Desbloquear el potencial de los datos con DAX","5","enlace","Para seguir investigando DAX","¿Querés investigar otra forma de trabajar con múltiples fotos? Te dejamos algunos recursos:

- [Tutorial de HACHE sobre cómo calcular ausentismo con DAX](https://www.youtube.com/@ConsultoraHACHE)
- [La guía de fórmulas de DAX](https://learn.microsoft.com/es-es/dax/dax-function-reference) (son muchas, andá con paciencia)
- [Traductor de funciones de Excel](https://es.excel-translator.de/translator/), el que conversamos en la sesión.","","","","","","",""
"Bloque 4: De tu análisis a las decisiones","1","contenido","Importar y conectar una nueva tabla al modelo","En Power BI podés importar tablas de diferentes lugares y establecer relaciones entre ellas. Si al importar una tabla nueva no se conecta automáticamente, podés hacerlo **arrastrando una columna sobre la otra** en la vista de modelo.

## Modelado en estrella

En Power BI solemos trabajar con lo que se denomina **modelado en estrella**. Los datos se organizan alrededor de una **tabla de hechos**, que contiene las métricas numéricas, rodeada de **tablas dimensionales** que describen los distintos aspectos del personal y la organización.

La tabla de hechos es el corazón del modelo: guarda las medidas clave que querés analizar —cantidad de contrataciones, salario promedio, horas trabajadas—. Las tablas dimensionales representan el tiempo, el maestro de posiciones o el de edificios laborales.

1. **Simplicidad y claridad:** facilita entender la relación entre las métricas y las dimensiones del negocio.
2. **Rendimiento optimizado:** separar las medidas de las dimensiones mejora el rendimiento de las consultas.
3. **Flexibilidad:** se adapta a medida que cambian las necesidades de análisis.

Cuando conectes tablas, hacelo **con códigos únicos en lugar de nombres**. En vez de unir dos tablas por nombre y apellido, usá número de legajo o documento: las conexiones quedan más eficientes y precisas.","","","","","","",""
"Bloque 4: De tu análisis a las decisiones","2","contenido","Los valores de cardinalidad","- **Varios a uno (\*:1)** indica una relación del tipo *dato a dimensión*. Por ejemplo, una tabla de capacitaciones con varias filas por participante, asociada a una tabla de personas con una fila para cada una. Es la más habitual.
- **Uno a uno (1:1)** se usa para vincular entradas individuales de tablas de referencia. No es habitual: de hecho lo mejor suele ser reemplazar la relación por una combinación en la vista de transformar datos.
- 🚫 **Varios a varios (\*:\*)**: si bien Power BI lo permite, no es recomendable. Si necesitás ese tipo de conexión, creá una tabla intermedia con valores únicos.

🔗 El modelado es un tema complejo que vas a ir aprendiendo a medida que avances en los proyectos. Mi recomendación es que empieces con una tabla y de a poco vayas sumando más información, conectándola y respondiendo preguntas en conjunto. Paso a paso.","","","","","","",""
"Bloque 4: De tu análisis a las decisiones","3","contenido","Compartir tu informe","Power BI ofrece diferentes formas de compartir la información:

## Enviar el archivo .pbix
👍 Quien lo reciba va a poder modificarlo y consultar toda la información como si fuera vos.
👎 La ventaja es también la desventaja: no podés filtrar el acceso a los datos crudos ni proteger el archivo de modificaciones que generen errores.

## Exportar a PDF
Desde Archivo → Exportar → Exportar a PDF.
👍 Es rápido, el destinatario no necesita Power BI y podés mandarlo por mail.
👎 Es una foto, sin dinamismo.

## Publicar el informe
Desde Archivo → Publicar, o sea subirlo a la nube.
👍 Es gratuito y tan seguro como cualquier cosa protegida por contraseña en la nube.
👍 Genera una copia de seguridad que te permite recuperar el archivo.
👍 Podés acceder desde cualquier dispositivo y presentar a pantalla completa.
👎 No vas a poder enviárselo a otras personas salvo que compartas tu contraseña.

## Compartir con licencia PRO
👍 El acceso está protegido por usuario y contraseña en los servidores de Microsoft.
👍 Podés definir roles para decidir qué ve cada usuario (seguridad a nivel de fila).
👎 Es el único camino con costo: hay que abonar una licencia por usuario, que ronda los USD 10 mensuales.

## Compartir en la web de forma pública
👍 Es una forma muy simple y dinámica de compartir la info, si los datos no son confidenciales. Lamentablemente eso es más la excepción que la regla en HR.
👎 No tiene seguridad: cualquier persona con el link puede ver tus datos. Por defecto está deshabilitada y debe habilitarla el administrador del dominio.","","","","","","",""
